-- =========================================================
-- 校园闲置物交易平台 - 测试数据
-- 执行前请先执行 campus_trade.sql 建库建表
-- 所有用户密码均为: 123456
-- =========================================================

USE `campus_trade`;

-- =========================================================
-- 1. 测试用户由 Spring Boot DataInitializer 启动时自动创建
--    admin / admin123（管理员）
--    zhangsan, lisi, wangwu, zhaoliu, sunqi / 123456（普通用户）
-- =========================================================

-- 注意：以下测试数据中的 user_id 引用:
--   启动应用后 DataInitializer 会创建用户，请确认 ID 与下方一致
--   如 ID 不一致，请先启动应用创建用户，再根据实际 ID 调整本文件

-- 用户收货地址（需要用户已存在）
INSERT INTO `user_address` (`user_id`, `receiver`, `phone`, `campus`, `detail`, `is_default`) VALUES
(2, '张三', '13800001001', '东校区', '6号宿舍楼 305室', 1),
(2, '张三', '13800001001', '东校区', '图书馆一楼大厅', 0),
(3, '李四', '13800001002', '西校区', '3号宿舍楼 512室', 1),
(4, '王五', '13800001003', '东校区', '9号宿舍楼 118室', 1),
(5, '赵六', '13800001004', '南校区', '2号宿舍楼 201室', 1);

-- =========================================================
-- 2. 商品数据（涵盖出售和交换，多种分类/状态）
-- =========================================================
INSERT INTO `product` (`id`, `user_id`, `category_id`, `title`, `description`, `cover_img`, `product_type`, `price`, `exchange_desc`, `campus`, `contact_info`, `quality`, `view_count`, `favorite_count`, `status`) VALUES
-- 张三的商品
(1, 2, 9,  'iPhone 13 128G 蓝色', '自用一年半，电池健康度89%，屏幕无划痕，全原装无拆修，配件齐全（充电线+原装盒）。因为换了新手机所以出掉。', NULL, 1, 2800.00, NULL, '东校区', '微信: zhangsan666', 8, 156, 12, 1),
(2, 2, 10, 'iPad Air 5 64G WiFi版', '轻度使用，主要用来看PDF和记笔记，贴了类纸膜，几乎全新，带笔槽保护壳。', NULL, 1, 3200.00, NULL, '东校区', '微信: zhangsan666', 9, 89, 7, 1),
(3, 2, 13, '高等数学同济第七版上下册', '大一用完的高数教材，有少量铅笔笔记，不影响阅读，两本一起出。', NULL, 1, 15.00, NULL, '东校区', 'QQ: 123456789', 6, 210, 5, 1),

-- 李四的商品
(4, 3, 11, 'AirPods Pro 2 二代', '用了半年，降噪效果很好，耳机和充电盒都正常，MagSafe充电盒。', NULL, 1, 980.00, NULL, '西校区', '微信: lisi_campus', 8, 134, 9, 1),
(5, 3, 15, '三体全集（精装版）', '收藏级精装版三体三部曲，品相很好只翻过一遍，科幻迷不要错过。', NULL, 2, NULL, '希望换其他科幻/推理小说', '西校区', '微信: lisi_campus', 9, 78, 4, 1),
(6, 3, 16, '小米台灯 Pro', '宿舍用的护眼台灯，亮度色温可调，带米家APP控制。毕业用不上了。', NULL, 1, 89.00, NULL, '西校区', '电话: 13800001002', 7, 45, 2, 1),

-- 王五的商品
(7, 4, 18, '斯伯丁篮球 7号', '室外用球，有正常使用磨损但气密性完好，弹性正常。', NULL, 2, NULL, '换羽毛球拍或乒乓球拍', '东校区', 'QQ: 987654321', 5, 67, 3, 1),
(8, 4, 10, '联想小新Pro16 2022 R7-6800H 16G/512G', '大二买的笔记本，性能强悍，日常办公和轻度游戏都没问题。屏幕2.5K分辨率。', NULL, 1, 4500.00, NULL, '东校区', '微信: wangwu_uni', 7, 256, 18, 1),
(9, 4, 14, '考研英语真题黄皮书2024', '包含近20年真题详解，有部分笔记标注，适合25考研的同学。', NULL, 1, 25.00, NULL, '东校区', '微信: wangwu_uni', 7, 188, 6, 1),

-- 赵六的商品
(10, 5, 4, '优衣库男款羽绒服 L码 黑色', '去年冬天买的，穿了一季，洗过一次，保暖性不错，尺码偏大。', NULL, 1, 199.00, NULL, '南校区', '微信: zhaoliu2022', 7, 92, 5, 1),
(11, 5, 19, '可调节哑铃 20kg一对', '家用健身哑铃，包胶材质不伤地板，重量可调节5-20kg。太重不想搬走了。', NULL, 2, NULL, '换瑜伽垫或跳绳等轻便健身器材', '南校区', '微信: zhaoliu2022', 8, 56, 3, 1),

-- 孙七的商品（含各种状态）
(12, 6, 12, '佳能EOS M50 微单相机', '带15-45mm套机镜头，快门次数约5000，包含相机包、SD卡、备用电池。', NULL, 1, 3500.00, NULL, '西校区', '微信: sunqi_photo', 8, 312, 22, 1),
(13, 6, 7,  '得力文具大礼包', '包含中性笔10支、笔记本3本、文件夹5个、便利贴若干，全新未拆。', NULL, 1, 35.00, NULL, '西校区', '电话: 13800001005', 10, 34, 1, 1),
(14, 6, 17, '九阳豆浆机', '宿舍自用豆浆机，功能正常，打豆浆米糊都可以。含原装滤网杯。', NULL, 1, 120.00, NULL, '西校区', '微信: sunqi_photo', 6, 28, 0, 0),
(15, 6, 9,  '红米K50 8+128G', '备用机出售，有轻微边框磨损，屏幕完好。', NULL, 1, 900.00, NULL, '西校区', '微信: sunqi_photo', 6, 0, 0, 5);

-- 商品图片
INSERT INTO `product_image` (`product_id`, `url`, `sort_order`) VALUES
(1, '/uploads/demo/iphone13_1.jpg', 0),
(1, '/uploads/demo/iphone13_2.jpg', 1),
(2, '/uploads/demo/ipad_air5.jpg', 0),
(3, '/uploads/demo/math_book.jpg', 0),
(4, '/uploads/demo/airpods.jpg', 0),
(5, '/uploads/demo/santi.jpg', 0),
(7, '/uploads/demo/basketball.jpg', 0),
(8, '/uploads/demo/lenovo_laptop.jpg', 0),
(8, '/uploads/demo/lenovo_laptop_2.jpg', 1),
(9, '/uploads/demo/kaoyan_book.jpg', 0),
(10, '/uploads/demo/uniqlo_coat.jpg', 0),
(11, '/uploads/demo/dumbbell.jpg', 0),
(12, '/uploads/demo/canon_m50.jpg', 0),
(12, '/uploads/demo/canon_m50_2.jpg', 1);

-- 商品标签关联
INSERT INTO `product_tag_relation` (`product_id`, `tag_id`) VALUES
(1, 2), (1, 5),         -- iPhone: 九成新, 可议价
(2, 2),                  -- iPad: 九成新
(3, 3), (4, 5),         -- 高数: 有瑕疵; AirPods: 可议价
(5, 2), (5, 7),         -- 三体: 九成新, 限校内
(7, 3), (7, 7),         -- 篮球: 有瑕疵, 限校内
(8, 2), (8, 5),         -- 笔记本: 九成新, 可议价
(9, 3),                  -- 考研书: 有瑕疵
(10, 2), (10, 8),       -- 羽绒服: 九成新, 毕业清仓
(12, 2), (12, 5),       -- 相机: 九成新, 可议价
(13, 1),                 -- 文具: 全新未拆封
(14, 3);                 -- 豆浆机: 有瑕疵

-- =========================================================
-- 3. 用户收藏
-- =========================================================
INSERT INTO `user_favorite` (`user_id`, `product_id`) VALUES
(3, 1), (3, 8), (3, 12),     -- 李四收藏了iPhone、笔记本、相机
(4, 4), (4, 5),               -- 王五收藏了AirPods、三体
(5, 1), (5, 2), (5, 8),       -- 赵六收藏了iPhone、iPad、笔记本
(6, 1), (6, 4), (6, 8);       -- 孙七收藏了iPhone、AirPods、笔记本

-- =========================================================
-- 4. 交易订单
-- =========================================================
INSERT INTO `trade_order` (`id`, `order_no`, `product_id`, `seller_id`, `buyer_id`, `price`, `delivery_type`, `receiver_name`, `receiver_phone`, `receiver_address`, `pickup_location`, `status`, `pay_time`, `receive_time`, `create_time`) VALUES
-- 李四买了张三的高数教材 - 已完成
(1, '20250201000001', 3, 2, 3, 15.00, 1, NULL, NULL, NULL, '东校区图书馆门口', 2, '2025-02-01 14:30:00', '2025-02-01 18:00:00', '2025-02-01 14:00:00'),
-- 赵六买了李四的台灯 - 待收货
(2, '20250215000001', 6, 3, 5, 89.00, 2, '赵六', '13800001004', '南校区 2号宿舍楼 201室', NULL, 1, '2025-02-15 10:20:00', NULL, '2025-02-15 10:00:00'),
-- 孙七要买张三的iPad - 待付款
(3, '20250220000001', 2, 2, 6, 3200.00, 1, NULL, NULL, NULL, '西校区食堂门口', 0, NULL, NULL, '2025-02-20 09:00:00'),
-- 王五买了赵六的羽绒服 - 已取消
(4, '20250210000001', 10, 5, 4, 199.00, 1, NULL, NULL, NULL, '南校区快递站', 3, NULL, NULL, '2025-02-10 16:00:00');

-- 支付记录
INSERT INTO `payment_record` (`payment_no`, `order_id`, `order_no`, `user_id`, `amount`, `pay_method`, `status`, `pay_time`) VALUES
('PAY20250201000001', 1, '20250201000001', 3, 15.00, 1, 1, '2025-02-01 14:30:00'),
('PAY20250215000001', 2, '20250215000001', 5, 89.00, 1, 1, '2025-02-15 10:20:00');

-- =========================================================
-- 5. 交换申请
-- =========================================================
INSERT INTO `exchange_request` (`id`, `request_no`, `product_id`, `applicant_id`, `owner_id`, `offer_desc`, `message`, `exchange_location`, `exchange_time`, `status`, `applicant_confirm`, `owner_confirm`, `create_time`) VALUES
-- 王五向李四申请交换三体 - 已完成
(1, 'EX20250205000001', 5, 4, 3, '我有一套阿加莎·克里斯蒂精选集（5本），品相很好', '我也是推理迷，希望能交换', '西校区图书馆', '2025-02-06 15:00:00', 3, 1, 1, '2025-02-05 11:00:00'),
-- 赵六向王五申请交换篮球 - 已同意待确认
(2, 'EX20250212000001', 7, 5, 4, '全新尤尼克斯羽毛球拍一副，带3个球', '正好想换个篮球', '东校区操场', NULL, 1, 0, 0, '2025-02-12 20:00:00'),
-- 张三向赵六申请交换哑铃 - 待处理
(3, 'EX20250218000001', 11, 2, 5, '瑜伽垫+跳绳+弹力带，都是全新的', '健身装备交换', NULL, NULL, 0, 0, 0, '2025-02-18 08:30:00');

-- 交换沟通记录
INSERT INTO `exchange_message` (`exchange_id`, `sender_id`, `receiver_id`, `content`, `msg_type`, `is_read`) VALUES
(1, 4, 3, '你好，我想用阿加莎的书换你的三体，可以吗？', 1, 1),
(1, 3, 4, '可以呀，阿加莎哪几本？', 1, 1),
(1, 4, 3, '东方快车谋杀案、无人生还、罗杰疑案、ABC谋杀案、尼罗河上的惨案', 1, 1),
(1, 3, 4, '不错！明天下午3点图书馆见？', 1, 1),
(1, 4, 3, '好的，没问题', 1, 1),
(2, 5, 4, '你好，我有一副尤尼克斯羽毛球拍想换你的篮球', 1, 1),
(2, 4, 5, '什么型号的？', 1, 1),
(2, 5, 4, 'ARC7，全新没用过', 1, 0);

-- =========================================================
-- 6. 评论数据
-- =========================================================
INSERT INTO `comment` (`id`, `product_id`, `user_id`, `parent_id`, `reply_to_user_id`, `content`, `rating`, `like_count`, `status`) VALUES
-- iPhone 13 的评论
(1, 1, 3, 0, NULL, '看起来成色不错，请问电池换过吗？', 4, 3, 1),
(2, 1, 4, 0, NULL, '价格可以再优惠点吗？同校区可以面交验机', 5, 1, 1),
(3, 1, 2, 1, 3, '没有换过，全原装的，可以查序列号验证', NULL, 0, 1),
(4, 1, 2, 2, 4, '最低2600，东校区面交没问题', NULL, 0, 1),
-- 笔记本电脑的评论
(5, 8, 3, 0, NULL, '这个配置日常办公完全够用了，屏幕素质怎么样？', 5, 5, 1),
(6, 8, 5, 0, NULL, '学长这个价格很良心了，有发票吗？', 4, 2, 1),
(7, 8, 4, 5, 3, '2.5K分辨率120Hz，看文档写代码都很舒服', NULL, 0, 1),
(8, 8, 4, 6, 5, '有电子发票，保修还剩半年', NULL, 0, 1),
-- 相机的评论
(9, 12, 3, 0, NULL, '快门数才5000，很新啊！可以看看实拍样张吗？', 5, 4, 1),
(10, 12, 2, 0, NULL, '这个价格不错，请问支持4K视频吗？', 4, 1, 1),
-- 待审核评论
(11, 4, 5, 0, NULL, '降噪效果真的好吗？地铁上能用吗？', 4, 0, 0),
-- 考研书的评论
(12, 9, 3, 0, NULL, '笔记标注多吗？影响阅读不？', 4, 2, 1),
(13, 9, 4, 12, 3, '就是一些重点标注，反而方便复习', NULL, 0, 1);

-- 评论点赞
INSERT INTO `comment_like` (`comment_id`, `user_id`) VALUES
(1, 4), (1, 5), (1, 6),
(2, 3),
(5, 2), (5, 4), (5, 5), (5, 6), (5, 3),
(6, 2), (6, 4),
(9, 2), (9, 4), (9, 5), (9, 6),
(10, 3),
(12, 5), (12, 6);

-- =========================================================
-- 7. 审核记录
-- =========================================================
INSERT INTO `audit_record` (`target_type`, `target_id`, `auditor_id`, `audit_action`, `reason`, `create_time`) VALUES
(1, 1,  1, 1, NULL, '2025-01-20 09:00:00'),
(1, 2,  1, 1, NULL, '2025-01-20 09:05:00'),
(1, 3,  1, 1, NULL, '2025-01-20 09:10:00'),
(1, 4,  1, 1, NULL, '2025-01-21 10:00:00'),
(1, 5,  1, 1, NULL, '2025-01-21 10:05:00'),
(1, 6,  1, 1, NULL, '2025-01-21 10:10:00'),
(1, 7,  1, 1, NULL, '2025-01-22 08:30:00'),
(1, 8,  1, 1, NULL, '2025-01-22 08:35:00'),
(1, 9,  1, 1, NULL, '2025-01-22 08:40:00'),
(1, 10, 1, 1, NULL, '2025-01-23 09:00:00'),
(1, 11, 1, 1, NULL, '2025-01-23 09:05:00'),
(1, 12, 1, 1, NULL, '2025-01-23 09:10:00'),
(1, 13, 1, 1, NULL, '2025-01-24 10:00:00'),
(1, 15, 1, 2, '图片不清晰，请重新上传商品照片', '2025-01-25 11:00:00'),
(2, 1,  1, 1, NULL, '2025-02-01 09:00:00'),
(2, 2,  1, 1, NULL, '2025-02-01 09:05:00'),
(2, 5,  1, 1, NULL, '2025-02-02 10:00:00'),
(2, 9,  1, 1, NULL, '2025-02-03 09:00:00');

-- =========================================================
-- 8. 登录日志
-- =========================================================
INSERT INTO `sys_login_log` (`user_id`, `username`, `login_type`, `login_ip`, `device`, `status`, `msg`, `login_time`) VALUES
(1, 'admin',    1, '127.0.0.1', 'Chrome/120.0 Windows', 1, '登录成功', '2025-02-20 08:00:00'),
(2, 'zhangsan', 1, '192.168.1.10', 'Chrome/120.0 Windows', 1, '登录成功', '2025-02-20 09:15:00'),
(3, 'lisi',     1, '192.168.1.11', 'Safari/17.0 iPhone', 1, '登录成功', '2025-02-20 10:30:00'),
(4, 'wangwu',   1, '192.168.1.12', 'Edge/120.0 Windows', 1, '登录成功', '2025-02-20 11:00:00'),
(5, 'zhaoliu',  1, '192.168.1.13', 'Chrome/120.0 Android', 1, '登录成功', '2025-02-20 14:20:00'),
(6, 'sunqi',    1, '192.168.1.14', 'Firefox/121.0 Mac', 1, '登录成功', '2025-02-20 16:00:00'),
(NULL, 'nobody', 1, '192.168.1.99', 'Chrome/120.0 Windows', 0, '账号不存在', '2025-02-20 17:00:00');
